Level1,Level2
ADean Acad,Deans
ADean AP,Deans
ADean IPS,Deans
ADean R&D,Deans
ADean SA,Deans
CSO,Security
CVO,Security
DDirector AIA,Directors
DDirector FEA,Directors
Dean Acad,Deans
Dean ACR,Deans
Dean AP,Deans
Dean IPS,Deans
Dean IR,Deans
Dean R&D,Deans
Dean SA,Deans
Director,Directors
DRegistrar,Registrar
Executive AAC,Misc
Executive Civil,Misc
Executive Electrical,Misc
GS Cult,GS
GS Sports,GS
GS Tech,GS
GSAA,GS
GSAA PG,GS
GSHA,GS
Head BSBE,DepartmentHeads
Head CC,DepartmentHeads
Head CDEEP,DepartmentHeads
Head Chemical,DepartmentHeads
Head CTARA,DepartmentHeads
Head EE,DepartmentHeads
Head Energy,DepartmentHeads
Head ESE,DepartmentHeads
Head IDC,DepartmentHeads
Head IEOR,DepartmentHeads
Head MEMS,DepartmentHeads
Head Physics,DepartmentHeads
Head SAIF,DepartmentHeads
Head SOM,DepartmentHeads
Insight Chief-Ed,Insight
Librarian,Misc
Mailman,Misc
Other,Misc
PHO,Misc
PIC ASC,Misc
PIC CDEEP,Misc
PIC Placements,Misc
PIC Sine,Misc
PIC TCTD,Misc
PRO,Misc
Registrar,Misc
